{"centers_in": {"1": [44803.73186898454, 6884.530445585053, 71410.84995818872], "2": [50565.66096323427, 14282.942901346236, 74989.16785981186], "3": [37160.27635301497, 2909.8538245700365, 73054.16016317328], "4": [53189.96452755261, 23276.951461171262, 78106.38535742904], "5": [28262.983751058102, 3082.290391964285, 76453.76527738734], "6": [43484.15455549162, 9074.681197167043, 79268.09340351039], "7": [53410.14896371444, 33089.52479093129, 82207.461669083], "8": [21811.53316084166, 7991.891731084674, 80748.09141806603], "9": [35797.4268233013, 5861.389185327087, 80918.99546421625], "10": [48206.26259466955, 16456.23953999758, 84224.92003631903], "11": [50677.0529974364, 42996.499148178846, 84509.40850652101], "12": [47829.239037355175, 53529.832740678285, 86135.93054798958], "13": [29165.722536242563, 8942.604834985417, 85683.35711938073], "14": [39259.406730417715, 12790.042812022963, 87098.47586456087], "15": [49274.64966176006, 25754.730887719412, 87178.62479731339], "16": [21313.64535495353, 14621.626328556427, 88089.05322634867], "17": [47843.13425819996, 35909.07548374312, 89855.51655447509], "18": [41839.73567384341, 20563.485828632744, 90751.64717080255], "19": [41550.31302754784, 54033.70539522958, 91057.39428064559], "20": [32360.335490827278, 16308.387159366619, 91573.97642076047], "21": [45788.066667782245, 46329.8992199644, 91649.5521462574], "22": [24641.32651009273, 22001.91732779066, 94631.2541686944], "23": [43162.96699018767, 30033.260495277515, 93540.52111994827], "24": [41352.18544289362, 40467.32531403285, 95057.07870268464], "25": [35057.00371514864, 24896.276000172067, 95474.87301263348], "26": [36956.50678637332, 48774.99244432762, 96055.71228285288], "27": [26437.938831717456, 32130.505889290944, 98168.45513789826], "28": [31396.122531527242, 41847.97598391809, 97709.53019310453], "29": [36192.071382923976, 34346.479409544976, 97141.36640833021], "51": [36478.221785664704, 60222.63832953249, 1304.8361428237652], "52": [49703.58881840363, 41668.589560639, 2043.7493587690738], "53": [47108.81836649306, 62277.24162594224, 2705.1588369185383], "54": [52553.024380282615, 55539.3514085258, 2907.039480696026], "55": [56115.01616689827, 47331.47677092819, 5041.831498840406], "56": [56339.5754607729, 40465.14746106296, 6964.698761805537], "57": [55037.260227505714, 61516.33710416779, 7829.901773485295], "59": [41018.18062723885, 76558.86230026434, 10399.714138441625], "60": [58469.57845097207, 48197.55020421109, 14488.576101520037], "61": [56658.21486772994, 71320.15290094203, 14131.653872945795], "62": [49624.10965979414, 77028.36360072815, 14616.607170464405], "63": [61462.193900213155, 63324.53542247923, 16268.867764468865], "64": [58917.58622231881, 55317.93217055266, 20690.743939362746], "65": [43655.86119312864, 82602.46478008534, 20398.238726318035], "66": [54246.29375722998, 79173.11412457515, 22108.56064553995], "67": [60095.503965289514, 71621.38447458162, 23049.565166188928], "68": [63399.611314871974, 64101.72805580334, 26503.17519364509], "69": [48898.633202366684, 85305.90870750355, 27898.171364617785], "70": [57038.52469838041, 78855.55179124937, 30712.86107316708], "71": [60911.9540594001, 71249.87764622126, 32539.913938180576], "72": [52048.17335605751, 84072.72729228986, 36138.16393870188], "73": [56493.120527829706, 78795.9641957954, 40713.708552139906]}, "centers_out": {"1": [43713.77437360925, 8365.710416912243, 71297.72058009906], "2": [47470.158937323424, 16330.820686506682, 73967.6932946793], "3": [36740.53413082143, 4829.419890298461, 72798.52833553392], "4": [49439.724658081854, 24355.912307131028, 77074.52715652226], "5": [28103.307376436787, 4787.9118159598365, 75903.81987281011], "6": [42370.43979900907, 10791.161824643037, 78424.01121139481], "7": [49261.632774725986, 32535.211058453584, 81157.64933094085], "8": [22173.94175458561, 9341.999196462384, 79578.11285235008], "9": [35665.448632178224, 6434.334775668198, 80397.91245060915], "10": [45863.048136593265, 18499.454008668883, 82211.9633594146], "11": [47567.97197932852, 42237.404616281055, 83510.27470682116], "12": [44480.61415151648, 51442.35124871549, 84980.08709948277], "13": [29240.418128207304, 10177.498099739103, 84948.63766275521], "14": [37844.78955027679, 15133.881483566729, 84329.51220623354], "15": [47005.30784771964, 26733.411287927927, 85486.27719265039], "16": [23139.103745215634, 16436.21290623003, 85846.31376190214], "17": [45847.045542735126, 36014.10027069444, 88318.38333225032], "18": [40543.96439234352, 22405.34246904473, 88140.64898908639], "19": [40341.992656530056, 52526.663269989214, 89943.0692946658], "20": [32345.46938346425, 18612.096856119824, 88998.69855274164], "21": [43096.049386449515, 45403.8102647538, 89611.22742156076], "22": [25911.158468654852, 23976.424563232882, 90770.63616326428], "23": [42578.37024234412, 30467.342642646974, 92669.61160498849], "24": [40389.53667340602, 40386.184819939874, 92922.20964988832], "25": [34823.08002956727, 25719.501565673447, 94116.18671591993], "26": [36423.22711330701, 48191.26356405711, 93871.65079047068], "27": [28050.393973578644, 32726.085571931588, 93841.12525441786], "28": [31740.91983323613, 41618.99268056503, 94651.25266412835], "29": [36004.45267812433, 34859.26254442783, 94535.27215745114], "51": [36830.45682494776, 60163.52932747257, 1954.9477230023099], "52": [48415.87899494027, 42190.46947172893, 3231.9002491787505], "53": [46830.88719907193, 61404.77586870396, 3827.897246249534], "54": [50675.691332015995, 55144.77425289847, 6275.1710870087845], "55": [54475.0081186958, 47877.913879837506, 6600.8347521059495], "56": [54897.37562219413, 41039.20629857763, 8058.4846797422], "57": [53208.20620072515, 60953.2940178744, 10547.074235784261], "59": [41023.193137374874, 73980.50414101017, 13443.91141163632], "60": [61356.749561977136, 47633.69013055399, 13533.534552783858], "61": [53642.04726350788, 68330.08982525466, 16854.145321997414], "62": [47791.737923077104, 73913.52161603779, 17297.766799847785], "63": [57752.13175255609, 61884.681691999074, 18057.55532708185], "64": [63937.85923464218, 55278.45813190461, 20248.204702122825], "65": [43500.62328645159, 78842.6205657209, 21911.13923139421], "66": [51318.00234097556, 75465.25363117203, 23891.604895097647], "67": [55867.11679075943, 69160.14145965583, 23820.510572927895], "68": [59003.97371262185, 62924.277495526636, 26090.562984740856], "69": [47152.326346663525, 80904.68705610135, 28853.685206679616], "70": [53760.96721948063, 76208.90272905443, 30566.957362522186], "71": [56406.434564752315, 69784.26754604725, 31684.461634535182], "72": [49511.69833497941, 80280.52050228941, 35479.05822397747], "73": [52437.377226212884, 76064.11012919765, 38161.96885663217]}, "radii_in": {"1": 1369.1978335985546, "2": 2631.8341653524517, "3": 1352.9470039263308, "4": 2692.4565146732543, "5": 1542.8392379440404, "6": 1844.931921987935, "7": 3136.8010157371286, "8": 1278.9805988215244, "9": 1118.2442321833273, "10": 3351.2180501209527, "11": 2591.9762329925893, "12": 3510.9342572557916, "13": 1435.706655178825, "14": 2551.7058886881237, "15": 2538.764829580475, "16": 2992.3101291877765, "17": 2248.9699664941036, "18": 2644.4286865875856, "19": 2510.502952507469, "20": 2830.320127885835, "21": 2470.004798275229, "22": 3364.2922105456414, "23": 2296.7726921778403, "24": 2214.575971964686, "25": 2468.247013492839, "26": 2679.906735670609, "27": 3684.3230208148157, "28": 2812.9538064442877, "29": 2054.9738304100792, "51": 1883.0235382942171, "52": 1059.333055355864, "53": 2391.45206529649, "54": 2744.3552863033055, "55": 1760.006187131692, "56": 1641.5831189356431, "57": 1707.1813455980825, "59": 3354.1925013490654, "60": 3516.8164773002754, "61": 3319.7961089611144, "62": 2698.9130247496714, "63": 3068.6184067263525, "64": 5002.570288740641, "65": 2898.221794086592, "66": 3035.2148226735612, "67": 3077.121723050729, "68": 3284.1442409508268, "69": 3695.523153397425, "70": 2881.323686139916, "71": 3126.4012912625317,